PC1,PC2,PC3,PC4,PC5,PC6,PC7,PC8,PC9,PC10,target
0.6764048046217792,0.3195895542456417,1.2706648828150426,-0.09669209154422283,-0.36120791268557095,1.153789647480217,-0.1596892817650738,-0.37403499027532977,0.40065080958930976,-1.0479502110438934,0
3.5721503155166183,0.5145023404998551,-0.19301653050272732,-0.631045810428626,0.6561401447276954,-1.2327564127852222,0.4343309923599577,-0.3994851067980181,0.1243528103776852,-0.10953955022683715,1
2.4057660238678467,-1.2350686278193077,-0.5919070179535383,-0.007471437970834438,0.536251592913218,0.4962697357789854,-0.7202755257107162,-0.04238970586034985,0.40857696384957065,0.18598418383616006,1
-1.3333349383740438,-0.2708793779796269,1.2173305671696175,2.7608481905957363,0.3278233681886173,1.2351113574359494,0.6822919009686947,0.2191876211251027,-0.19674739332251412,-0.3864457769132177,0
-1.7490469606325,-0.2972343184041496,0.8610662240297877,0.7790964719190145,0.2632996997783845,0.18734298817368347,0.30030876864279554,-1.0202572654398199,-0.0659407232160385,-0.35451571543398913,0
-1.4064833412198179,0.251164551773613,-0.09432846894191217,-0.09846942591769771,0.26623986075910017,1.0079610754520667,-0.5261259585442591,0.08614782404008914,-0.4944602802990785,-0.4493821192269171,0
1.9773689274770487,0.3628114394774682,0.3605058749976911,1.2122891027915994,1.1243534604326213,1.196417228058108,-0.03409400438770016,-1.1576630974677788,-0.40839935968184243,-0.4284482944143381,1
-0.36764345421023065,1.4072019929208714,-1.4815914741285567,0.680326386379835,-0.9837206650765515,0.21104036336549267,-0.635008276233657,-0.2217986111246234,-0.8915551578596028,0.14349411809760637,0
1.0401931594559506,-0.02658836355449859,-0.28410244540849067,-0.13324217392342777,0.11095088153190039,0.23553232875322466,-0.7836866075787906,0.032413699856382816,0.4960721465490665,0.2956761747780186,1
0.5310609029626834,-0.8070706937568756,1.6417621450752806,1.100552680258977,-0.23387647301175432,0.5232610028603719,-0.9819666108464545,-0.05863623821903696,0.35282364172634373,-0.6314677010194373,1
-0.3703595417241437,-0.41177382689222886,0.8637869920239861,-1.0162476928232955,-0.3273885105147535,-0.20232197442542837,-0.41764114244725836,-0.18257359717694188,-0.33008930776798645,0.44885679010079005,0
-0.012066046700734079,1.094557268776001,0.07746661541012444,0.29816799115290726,-0.8144963861728343,0.3653686540652705,0.2999824088875696,-0.7737567744746718,0.05519340674551021,0.12363245703630688,0
0.32417923726229253,0.047412182788862556,-0.36174674911718624,-0.3897026414659812,0.031145954345349953,-0.20032092633070003,0.5795115023241972,0.07396393680780444,1.034507730047047,0.1784697566373452,1
-2.02008714915013,0.2974767396725225,-0.4348445961273363,0.504618737945635,0.08329129253082583,-0.26819063548623895,-0.3252345607823669,0.7300947217509233,-0.3191828070378867,-0.41848701219494044,0
-0.5968045648150737,0.9260745941027357,2.423952569768288,-0.6340743775295842,0.2251131828931502,-0.4526454399234063,0.34657914075579865,1.1521149404716498,0.14654938295175357,-0.027383510807741707,0
-0.752075662323102,0.03352644737709401,2.0335408867760845,-0.46793428062307707,0.5206897215868765,1.0851895865731722,0.10479727691556678,0.3383400866857776,-0.10372231337739857,0.0337773580209392,0
-1.5838869329530965,-0.6283336522038893,-0.2663817855892588,0.5590794696451592,0.10063334181021363,0.6430064885763221,-0.45840462454278585,0.5907115590995067,-0.3730171680751573,-0.7262999434016981,1
-0.4606756535217456,0.25081786010029883,0.703357566282111,0.1001372279638669,-0.21550471476529445,0.13548644464372184,-0.4842030187807912,-0.05643953822445549,-0.5974491733613765,-0.240969645949723,0
-0.9732594406129065,0.41502664736198935,-0.35213474382152604,-0.16087612852932645,-0.8531611248350321,-0.19202331940794198,1.2110720621127085,0.16325582106205727,-0.38139783601530874,-0.08729073654668099,0
-1.4495031493768329,0.6485755666059928,0.013973910757805026,0.35614872333466907,-0.018521676521669174,0.1771457172141542,-0.06754245690769145,0.14612634008478181,-0.5256870743678483,-0.5670499819251517,0
0.23844277844584028,-1.1096541113141094,-0.30572530412391613,-0.4257071058251042,-0.670513237388405,1.3080707487184513,-0.650823751523015,-0.3654302087511021,0.641967501556509,0.12812282431098643,0
-0.11489789046087504,1.614236311747694,0.6400585436708978,-0.04990549267878264,-0.3894559661866695,0.3491313808304399,0.11279750100978037,-0.5779715616190451,0.14888138720254707,-0.2652816600279717,0
-0.18773953796672344,0.3354861951378869,-0.47296396036391036,0.5667103260637646,-0.5574940962105884,1.0899347195145783,-0.2648119123775269,-0.38809043038811597,0.422418450560611,-0.1990599306467612,1
0.9676202695300076,-0.22624737317621066,0.5412217202214703,1.0338357745587914,1.8343215058198694,1.380478956784019,0.1393500482502713,0.36010317194191094,0.6755336339024784,-0.20789888783600646,1
1.9731741244260919,-1.3287416136009802,0.09354100985523092,0.13206617672689344,0.762066367035721,-0.11408228347296728,-0.49352955762795325,-0.09714807734354125,0.41085847043909496,0.24886851115796688,1
-0.9406358363830536,-0.6177530747077166,0.18827666386925535,0.3046153994260268,-0.3154463882237441,0.9890493298736207,0.8137203871878933,-0.0993650018330994,-0.17329447804685683,0.8409258062138614,0
-1.104627555100171,1.8025811188177734,-1.387812682934314,0.05860771686983124,-0.5252826112870044,0.8707824424501298,0.3398841790223543,0.2888344714114119,-0.3519368677632397,0.21892819775567757,0
1.5840058343730596,-0.17419666869898767,1.3012818556427113,-0.6503438233833648,-1.2675860481013943,1.0615810232988048,0.6493835120274062,-0.2951000970877778,-0.9224128028878915,-0.7749178757549021,0
-0.9657544812006029,0.45788668504516117,1.29467691884181,1.102558572746279,0.009252625064722297,-0.4353741826815512,-0.17734812939289024,-0.11411567355838673,-0.625317938808131,-0.17899371575871534,0
-0.23524526829304715,-3.017904111043436,0.24371342480618363,0.6805051008502152,-1.045768125885552,-0.7728137861335294,-0.13411512320677121,-0.17767201471256233,0.5978356623465717,0.021749464559505605,1
1.5044656060904111,0.4994044169216123,0.06303636373524696,-0.7174996687493339,1.1839469171887471,1.0232753183214012,0.32671172801072557,-0.2946970412045924,-0.8875481289383846,-0.07974989717164953,0
0.7486347402957252,-0.6264421662816057,-0.7118363651085817,0.05791660370982368,1.4535434197670956,0.18687998608140793,-0.9195639530015048,0.5742965042848569,-0.36502914522757285,-0.07402161652531238,1
-0.21663279635224958,2.1028319570854843,-0.5953752771804105,-0.5493333558864828,-0.7272934823122638,0.5459485278383691,0.20223934806060911,0.8060722923340249,-0.09023644379711016,-0.25145804615171974,1
-0.32028481473162657,0.1758972060113824,0.3197563457415171,-0.43973932987426223,-0.2785328757352774,0.06317597468621211,-1.0061653430502377,0.546736991113004,-0.19384398133727665,0.6837949828655393,0
-1.9284935206900264,0.1849732707565211,0.41617305828472534,0.45648310756787636,0.2233030271236609,-0.025432638844193278,0.1400697639280103,0.5049510013338518,0.0008536266021710315,0.12465408961818525,0
-1.943524005774627,0.3418255597276758,0.7546583665394395,0.31215312656751715,0.32277334342167535,-0.7956637778176254,-0.4102990620102055,-0.07816685414954808,-0.5033709355330683,0.007146090267943744,0
0.17425005346320777,-2.5433091827039287,0.6904887193455725,0.8726722236444937,-0.9903271588092541,-0.5123944317929072,-0.23996785697341871,-0.17657961837712266,0.543416238547108,0.062053518092237414,1
1.5357005831153359,0.1882899598111412,0.0012086717906336503,-0.5387830049853204,-0.8413719172128663,-1.4588067291413456,0.18764016107978027,-0.4522660879629788,0.31360658378103756,-0.10464151336206437,1
1.2798371727385527,0.6703062367200401,-1.2161919564793742,0.9357349027786703,-0.8446066245360195,-0.8605139730451499,-0.2615096290192208,0.7672935141319934,-0.3443413445776131,0.2705550378670833,1
0.5291289476425078,0.41523342938974706,0.9065160130003468,-0.7693561658684337,-0.873028979627464,0.14750213141542645,0.47144714699933843,0.6813527953757272,0.20508516064511895,0.35826713438065577,0
2.7776165970121514,-0.20625464684677655,-0.09822144146770712,-1.179156836620437,1.1847813581587536,-1.0089041605223363,0.4574270649296094,-0.4325755911538058,0.019633198642299843,0.41783755897667896,1
-1.5320384311017643,-0.4160073626562293,1.4716786697005875,1.0871604906339358,0.3798043238181761,-0.3512548776711127,-0.42542386027065704,0.6351002573694231,-0.23078951382359447,0.03192006615012638,0
1.3105442257204094,2.4463980601409854,-0.05261300978201683,-1.0639764000683984,1.1548328667342194,0.23578738741350166,0.22902617570700434,-0.1427221841753163,-1.0629574309189402,-0.2067632414129463,0
-0.12090800088253868,0.38763734245087417,1.5227326364624665,-0.4693307268554462,-0.036594641458894996,0.8793493184887249,0.4153603125173677,0.5328186924058789,-0.009074773715124107,-0.2801332661106846,0
-0.48640637013273347,1.9041347134794624,-0.9946763206992795,-0.10728026427489806,-0.5945044438322622,0.2677598426407585,-0.7274425106881056,-0.7526606067698612,-0.0812694157506254,0.01857570152014701,1
0.25738668908751766,-0.7535923427651946,-0.30730911282218654,0.7111433299894648,0.6614573134093916,1.5340323973624934,-0.05140712272349768,0.3997177214688354,1.0163620266908946,0.4489680329451101,1
-0.9940737389523226,-1.7983186338846777,-0.17611386389927192,-1.0083733610897174,-0.5982277807487082,0.3615691270426631,0.851665636001482,0.41987661784498403,0.011060730600298552,-0.5272701874198213,0
0.9837255285719737,-0.47905794312810424,1.2923157570650259,0.9136558730167439,-1.0762000204533237,-0.4196582544512902,-0.07509373446641365,-0.05328873971489673,0.4252913015709643,-0.006233128344847086,1
1.0040631834622653,3.139068121052667,-1.532558316291843,0.442453248447058,-0.4035326254061285,0.5767402968764057,0.7508022490551332,0.009375916690615549,0.3784772928895257,-0.29158281117482626,0
-0.7409992956206071,-0.46361541066738277,0.828877964775708,-0.30859104336555676,-0.05444077415446575,0.7230344293278919,0.4247104443419464,-0.028913886545789608,0.8320426409563235,-0.7402587965331875,0
-2.1944640858279616,-0.9541593322273807,-0.7854813402634484,0.015308034140708332,1.0881231777811504,-0.14250173141491762,0.4838555897933093,-0.48660805268335805,-0.7704999710933084,-0.14509310414765364,0
-0.18874121950877704,-1.0149992543026216,0.07852809849388674,-1.5559903164872135,-0.31406707551677404,0.5180714547004357,-1.117660343189899,0.5182794931246648,-0.35849860391084953,-0.19355401173006942,0
-0.9922307333674043,0.0009043543375865937,-1.5111147854136553,0.5819015546483853,0.25194037602298525,-0.892174248669078,-0.0637418374253732,-0.46630422296187324,0.2665150979514195,-0.53352457206188,1
-2.371403520828017,0.4233063126941681,0.4621461793670985,0.19934503958932645,0.6456000335451175,-0.11847216898191587,-0.36875266605437995,-0.4464056024048627,0.3426862704769713,-0.4686046909044461,0
0.8517835344443909,-0.22887500815026732,-0.22329621121394272,0.025757529679096475,0.07575628328871219,-0.06156709113229947,-0.8285493330209802,0.600927969273432,-0.5091014526350249,-0.19942901043299294,1
1.7028061227640694,-1.2008314142032726,-0.5664274525140104,0.6248939708917411,-0.8961563690022002,-0.6027065782308709,-0.10106198283691847,0.05512631006022556,0.44121083983003606,-0.10681923682129175,1
-0.46992026096937595,0.18395991606576018,0.4410658693329164,0.05118180893537025,0.7013229606892304,-0.23826826119332295,0.4838947272962003,1.0277976608032333,0.2472100869171001,0.7164875205259077,1
-2.050959005601275,-1.5331017825061597,-0.04971303112043898,-0.02551155722921844,0.18636180946496755,-0.6648081331534117,-0.747489879458567,-0.10298462323061658,0.5222395078517501,-0.22959997251160158,1
-0.31607331102958713,0.43276379020669065,-0.6484986819819627,-0.05120438319797807,0.32758263718432135,0.245423404046169,0.6052397870971581,0.05778097923557329,0.6665814490467685,-0.7137588432656701,0
0.3524586641071527,-1.1740165599543637,-0.031852228285121464,-0.10799358269258547,-0.056601132204621936,-0.361592650773005,0.3711707379347285,-0.3415429969169306,0.35380997413775184,-0.8122661795821032,0
0.1919275524901498,0.2575961226214476,-0.4801738575846694,0.8512531406395549,-1.2807051485596899,-0.49797689110777316,-0.3175913266642336,0.20796390491669747,-0.5872661199001473,0.7845625411813971,1
-1.0017727454032623,-0.48031176626103766,1.6120301444208278,0.19649938557886024,-0.0061512415106649496,0.21837541595763843,0.5554814806331924,-0.6008275921952839,0.35293334083008787,-0.09351211537843959,0
2.2860971864907738,-1.3371667058649286,-0.41858378070623886,0.24721048998810533,1.5443524019778672,-0.5498225171407143,-0.18674471419918826,-0.09991229444594352,0.37494218692285464,0.2387649292619946,1
-1.1477686251399597,1.678637293176424,-0.3366302739784111,-0.10261168442668905,-0.28728176827718693,0.35458787117451473,0.6120257106084311,0.2997250271256869,-0.24246514020824939,0.17146568766140313,0
0.792599532098156,-2.009059102419084,-0.13226422058266193,-0.5005925518959147,-0.24084882206558042,-0.4158506553052061,0.05134912463860619,0.4008748228555857,-0.26666148340202245,0.14633627347087214,1
2.418989939384394,0.11702481757845185,0.12714034834034826,1.0226096937853508,0.554509534049794,-0.21104683970315002,-0.4388767722885354,0.023113502428062316,0.32367347175797545,0.24404362457747003,1
0.4271221616950946,-0.6299456103509918,1.6265210728730142,0.12356700314799804,-0.1744778058843192,1.6183001373188806,0.2589899610072565,-0.22660597042106004,0.8317412896429883,0.2830544971660069,1
-0.31195536016085895,0.6036099343505172,1.402565490733178,0.2912525592162486,-0.006896500821518083,0.4961093564585813,0.0116265130500115,0.546350007371899,0.7983877318827302,-0.21996670830142856,0
2.1194108959664386,1.3706046959656024,1.578231419999895,1.6327318408962326,-1.3139907027345195,0.042192872992908026,-0.6412273570856547,0.15580528628562823,0.049909951771030636,-0.8524125219851861,1
0.3213565086319618,-0.4877168128807504,1.8565768971774061,1.5260245902099208,-0.573335148406104,0.7341837814141328,1.1617598242831564,0.2787760948084778,-0.040391264991479936,0.22878373094319382,1
0.3147177461795195,1.513796724351362,0.7740276938965001,-0.9441970570156422,-0.6822509229917552,0.7078245463930604,0.6296827490413845,0.20038770698985897,-0.4818446176849519,0.06447349348047032,0
0.8290627703315832,0.3912373977021777,-0.9986147408317134,-0.8731953157750174,1.3913865628414808,0.09171313633560885,-0.8709115024821371,0.6539681330458931,-0.12848031100211788,0.6590291800875941,1
2.5104894774406463,-1.2901239203599424,-1.2685884215394956,-0.19864972049832103,-0.2854797125445142,-0.5473058616553048,0.07528406575566182,0.600641270050212,-0.3866560853073645,0.013538175761808768,1
0.5390826136963456,-0.1485308707707678,-1.4966983177505047,-0.6831636186141323,1.3580576360355001,0.49913470244964786,-0.6907062996701167,-0.6144304791398968,0.2048497101159379,-0.4234640031733724,1
-1.8352667022748985,-0.8093020535077304,-0.5469486608112286,0.11184297212853253,1.2870537059198948,-0.3759198147050326,-0.5862860010074474,-0.6785740174665318,0.3365089087656501,-0.14878120678307877,1
0.726664183731756,2.9079144734109783,0.09243445291542045,-0.15174592518332208,-1.1175916472908178,0.4541659482280768,0.6171920198200199,-0.12282141327593021,0.261601745660204,-0.19247713067200145,0
1.5857388928183107,-0.711841046286801,-0.18377113177598253,0.8738176471120205,-0.19322785527063935,0.44206096763404906,-0.8071963168211854,-0.016691195448504947,0.4352330603203811,0.2346049635159027,1
0.41558030591879563,0.9662348976541183,-0.252425221546959,0.6673257553216255,-0.16747143297075942,0.018030288905017067,1.3267978959642281,-0.36490004816436306,0.2575097871212677,-0.3220518621127579,0
-1.6975078997068611,0.5623969973303671,0.14257645713965697,0.21252017236450213,0.18000463369142414,-0.016461723009998985,-0.2851374046241345,-0.41597920026474966,0.5228492356225116,0.14875717706345482,0
1.1519440572445703,0.20000433930332795,0.42203249233710277,-0.47645630129558547,-1.5474604439696515,-1.1226500373029316,-0.452519856772472,0.258826277753684,0.2763305023475835,-0.7099519070720923,1
-0.3422528374582488,-2.1339719270101205,-0.055250503987419056,1.536121959630499,-0.5965127603881866,0.5974367388679478,-0.4833087653906035,-0.7821292952148589,0.4283482664353957,0.1700033248253795,0
-0.33334452266743814,0.23568255960092244,-0.32808940769649547,-0.19499153619942144,-0.911777033236045,-0.3655133336312905,-0.039780468109161915,-0.9391599256494827,0.12380363713376918,0.5119442247505719,0
-1.983781379683588,1.7396300782846328,-0.07237670258293201,1.2152817188082854,-0.05080419200274882,-0.6242177766249679,0.5804427233469482,0.13879754398982225,0.753124586094482,-0.2287137831026782,0
1.6092743885343064,1.9219203728380285,2.022061686355264,-0.44381076998052305,-0.7734148081708313,0.1745229934912237,-0.16426470126637993,0.8317483257902321,1.0228813699024222,0.41518769239173914,1
-1.401796076648084,1.285126769308291,-1.1132989280469492,0.4853376877029596,-0.3251678840601278,0.3049253791355835,-0.19173994773681202,0.2866853150805964,-0.5065948301427051,-0.6110551665525082,0
-1.9889467302048949,0.7702481353314339,0.7119807737318435,0.17941715500560787,0.36601084576339216,-0.22952550577438208,0.3157127849575029,-0.00047455167806875753,0.787218020551641,-0.11629929583319015,0
-1.3025066965690346,0.6648386017433611,0.24881746103831115,-0.10044678110242301,-0.2877788050657756,-0.38558784878038505,0.6088606068612747,0.08537711803200498,0.7584528256427658,-0.3983298076577805,0
-0.47376302355407124,-0.5268497220847588,-0.09784807807562752,-1.2957288805283569,-1.0585999141239337,-0.2543226768882429,1.194279199773729,-0.38104264047649916,0.4323256979808785,-0.41047636579201,0
-0.9467890757220996,0.5746360795686676,0.32236023848717715,-0.5242067584671114,-0.23007714110529517,-0.33814847653702523,-0.3755097368100545,-0.9501014637206258,-0.06044269839037497,0.03235851561154443,0
-0.9005114748190608,0.4305448566479684,-0.07641822976650132,-0.1900285561487894,-0.5493089908129766,0.2160004270165228,0.8112374509544893,-0.39146914278515427,0.41462545894271496,-0.13267645354183,0
0.181822283832552,0.7763205839014434,-1.169658160672362,-0.5181890261748965,-0.9112598509883755,0.5446231865360159,-0.9109398002844334,-0.37094122309966515,0.46067612150668946,0.2146857186765525,0
3.7608743875058166,-1.3170950547562754,2.527615266644255,1.6428302357166882,2.16268819038533,1.4662941271008774,0.2180084944013873,-0.9295158816351952,-0.4697570980879072,-0.4717659846189077,1
1.721977528303352,-0.4618210811501179,-0.46584841082214307,-0.19337793536744474,1.9581747444321393,0.43353027414882445,0.764046484198855,0.9575946727432147,0.09232993111822108,0.5103718022078135,0
-2.4274474052232486,-1.5759830399825707,0.3596486611643797,-0.24560701692965653,0.5292920485790015,0.8088748888513861,0.5330091651316919,-0.24336749713234082,-0.032930737884009686,1.1620372498238019,0
-0.8591414047647508,1.3377067601196193,0.04524348960396761,-0.992245013314434,-0.04567454347757303,0.9445825065691293,0.015131970415277585,-0.3390476225359441,0.4408144458487204,0.200371367874018,0
-0.4529078042265595,0.1262249298771378,-0.5016283070454703,-0.0010664186749497484,0.5022207098746362,-0.8393943424455415,-0.883665573741529,0.638036883799225,-0.41008955754895415,0.041809496700912774,1
0.6227916190017255,-1.0223500703329012,-1.0106815621850003,-0.004147306177218646,-0.020750041006460933,0.04931253506694194,-0.9771720249061188,0.03270202576754999,0.5694704428027662,0.3541328051153602,1
1.9022386700258398,0.4830492960200936,0.5609986989534171,0.7383894141632202,1.0538664702298612,0.16407997348669678,-0.161737044133052,-0.5319653982466783,0.011229923663778285,0.7099020176343772,1
-0.6624884646174576,-0.2802219705758131,0.47499939146695086,-0.40071507062910494,0.8929189988894165,0.02959753032728163,0.20452464423181688,0.018273830019743698,-0.5786109921054219,-0.607409766953953,0
-2.0030710499753304,0.14845930905736732,0.010870996971124088,0.10373972248331179,0.4906534351131155,-0.039568129495413384,-0.9917381591755751,-0.5872713384133441,0.3455886691045804,-0.06957954278673273,0
-2.109782354979914,0.3264620834355,-0.6306751713947807,0.6161766152245215,0.2641746997065965,-0.15159918309166737,-0.8599969699407287,-0.5340196531463486,0.34820264666684286,-0.14963489667914892,0
-2.8451141849914023,-0.9226194461851942,0.37244078620400023,0.4428819148403115,0.5390498655517435,-0.6194707696017727,0.08888663744917558,-0.4775926734824383,0.5611269151336766,-0.3395913500150153,0
-0.15515950988375138,1.1873879962627705,-1.1195750090565664,-0.16594121400974884,0.19664098612628522,-0.272857648024267,-0.24608447364125985,-0.8358519340556865,-0.11715563722233169,-0.05841032031294671,0
0.5667088855640048,0.28947059530339214,-1.701276334983541,-1.7951956307326289,-0.15911798519471693,1.0241960340417842,0.5373818137277382,-0.1952065042116582,0.5419515609612593,-0.3372880350132572,0
0.9526551859435965,-1.785538314999561,-0.3110276013969153,0.33387311795500885,2.072241637673905,-0.08627303363595423,1.232008144523135,0.8040994059501156,0.13214290041483756,0.4252819710511566,1
-1.1725471151111653,0.5104816575482211,-1.5891051613884084,0.10268851822813449,-0.5781159702660199,0.2419241785291071,-0.4262072769291477,0.8723334680066586,-0.331210003392414,-0.6435689699855457,0
-0.20435718124268054,-0.30137104071872634,0.7014452020754277,-1.1086029656655927,0.940330847484962,-0.5290794453430832,-1.1824039464543978,0.5313708203462137,-0.4106941298775174,0.19515377302308085,1
-0.040516238126991955,-0.11998237085377603,-0.22683492166069374,-0.5942731037178889,0.4191761644577354,0.08186960058952811,0.23111714932766753,0.5715522796619044,1.0707809240019535,0.43433218416787933,1
1.8163920428163336,-1.070103136114668,-0.21777643642475658,1.2269338940364816,-0.2572874829184673,0.9757599144386988,-0.7014146536743556,0.4318924682209763,-0.3918890105476126,0.3393033960772746,1
-0.9941931581941295,-1.53004254239222,0.028760169125187498,0.8848880891421975,-0.6217279770456953,-0.7627993078895927,-0.0460828731181494,0.3941284656364518,-0.1816123435198339,0.34571593521323213,1
0.8654272644359529,1.1553950605409793,-0.01592324047565336,0.1598617014599125,-1.2210974486907331,-0.293444225188428,-0.7730902260666647,-0.21841208901697323,0.1741798146567317,0.7168580099379301,1
0.5997059973475536,-0.4144680783588046,-0.42928242204343203,0.07398065694975134,0.03394192063925588,-0.29331613915463267,-0.42990805624217077,-0.4545209408539906,0.5192130641343979,0.17881763001273443,1
-2.050623199638646,-0.26462337304728156,0.22528539661229993,-0.44275292579003467,0.6821022132788024,0.5730015478269936,-0.728268588539667,-0.5324863629817631,0.7770342538911885,0.5851328280876915,0
0.8245510354038321,0.15559916704216648,-0.22009280463871078,2.529194129242602,-1.5795414143595055,-0.4746488758165503,0.1386466059440299,-0.28820543309268204,0.22542923962269212,0.2832226897229539,1
1.6511215032423985,-0.5197141603969218,-0.6545003525333536,-0.9112069065525145,-1.0432648967805176,0.03639940039638273,1.3757653556911835,0.7171140059661198,-0.1701961997019793,0.3190084077915792,1
-1.3008200110942965,-0.860148511611063,0.5608192567584247,-0.4291611473584427,-0.5985263405048143,-1.1749209204713182,0.8454070107452563,-0.030037369944433123,-0.29081659349474454,-0.19360271078675803,0
-1.0125882216920172,0.6312260368239975,0.7558983905904858,-1.1024918183934813,0.1913172503298627,0.39913056619541426,0.06989448432224882,0.11433953831578458,0.9059302177121895,-0.27488508651708754,0
-2.0613855959247323,-0.5543794190581212,1.4972106181991194,1.154479404693644,0.5414143240408076,-0.3623916715420468,0.0324170597338963,-0.7524552248762597,-0.8725845927194914,0.36047176312861506,0
2.7072942175489416,0.5250826879337058,-1.542487719431395,0.5778956041488156,1.124818771310057,-0.5728981287874941,-0.23787284665704467,0.27977771556829506,0.2538840391948687,-0.6758069451073442,1
2.1433442451489624,-0.4814050934810864,0.14712012449655143,0.23846388947122035,-0.37164562733172524,0.5582042312836435,-0.4430099075274261,-0.019975150785916773,0.38994832544061286,0.0017052986955598537,1
0.15933775644911014,-0.03537549374833862,-0.7136686710101895,0.14055156741331074,1.1808819733131877,-1.5935423178281014,-0.3915418399597972,0.1944669084995348,0.4574771288360202,-0.3273946626710323,1
3.6399949903201567,1.998022114582675,-0.8995010688452862,2.4969945744843,0.9587299280699412,0.41215284297637367,0.2683300442555884,-0.3500949320860935,-0.18340838087250777,0.4064894464310199,1
-0.8961626328147456,-1.5073617059386364,-0.8278975371255972,0.09275986713849946,-0.6908506516644002,0.7440603997767872,0.3517891072901485,0.4444384117785363,0.2196581085107736,0.42971201333555287,0
2.3995531038107427,-1.9889756446203948,1.8444273963459625,1.9152941533772398,-1.4151912688655084,1.1221786882065867,-0.1531625069354341,0.28886863178695693,-0.7535013192995207,-1.0325272900403677,1
0.589491630754059,1.26936632787837,-0.037692388334020784,0.010102267409493465,0.6372724504697528,0.9186589269777572,-0.37195146384600275,-0.20483694185795256,0.661581802052646,0.23485442466022455,1
-1.6544661425181886,0.3002333512266491,0.31055762519424696,0.41791247646134577,0.046385476677532476,0.021436796483654208,0.16948182364300424,-0.93024084064533,0.17453996443251352,0.44033738292556157,0
3.594323536438857,1.4788584441214063,2.7543270014477987,1.5878041355767867,0.42588846710101286,-0.9107125890102821,0.5094337160874522,-0.3618006094467469,-0.34227239540450316,-0.5829332006412771,1
1.2067492309303498,-1.854020920752212,-0.6328669153752614,0.9418393040184363,-0.40394314621492944,0.25974260800604404,-0.3516539206069791,0.42329740867225735,-0.3209052175452558,0.23255201229051453,1
-2.2296528640883486,-0.2201821891883782,-0.05456861085480032,0.000683524190023016,0.24321897177523885,-0.11772560112698255,-0.022862071067343503,0.06746455867362133,-0.44338109201380543,-0.5046541387802355,0
-0.9080025846044077,0.08532010392963404,-0.0860231038590782,-1.2374400671181485,-0.062058935988813214,0.6023830915450064,-0.7499370134871045,-0.4792108173941672,-0.8116536768259814,0.2861812674589309,0
-0.62088873617343,-0.06427094395610464,-0.5372285617798105,-0.1939944946972994,-0.6494554677517285,0.21919017963142032,0.14986623408237038,0.6350260897739006,1.1261548432694963,0.3332414371925456,0
-1.1908504057539326,-1.1681125597080748,-1.610315838653049,-0.2562568632303474,0.5451889956466504,0.19901797341015529,-0.04951916683358393,1.106312886572902,0.18677895920605958,-0.003489939064308778,0
-3.4904712499367254,0.07350712544409775,0.8447874685798732,1.1779547671879063,1.0792358600390806,-0.7789296883387717,-0.07283143842327922,-0.5600702560554465,0.3736889316202854,-0.3477811137555653,0
-1.3150360614890508,1.1219605562985262,0.3462603006341995,0.2521499949098317,0.16158999127948687,-0.47701288775896006,-1.1972793709909384,-0.43338780596193205,0.2808544172110139,0.0202518786398187,0
-1.9608936582744647,-0.3898980090010504,0.09123131976789979,0.018308193967272096,-0.06304074582053146,0.06399461946597554,0.8967348390746805,-0.05521279872820986,-0.09111722936668598,0.9921406138279085,0
-0.419718953348122,0.49153537087400867,0.3813427188204334,0.16851835817313984,-0.3999753525958296,0.6237519624997432,0.12143551255710178,-0.884970669111256,0.0916912231399003,0.25528854988387895,0
1.7063658667204344,-1.0761604192459335,1.641328644090245,-0.8337215974748454,-0.8215480062780103,0.9173629055823227,-1.0760773862454616,0.45995095246124723,-0.5891605902348401,-0.5747381010986701,1
1.5869584376475436,-0.5782287457701037,-1.1646203837463676,-0.44608142871710443,-0.9190864959195576,-0.011778809393482026,0.39497945336607326,0.2875907775540268,0.48375290859710196,-0.6514420370428605,1
-0.7777443851655208,-2.197042189814412,0.40599192254657207,1.1424232576609794,-0.8360139514905055,-1.1854102859335363,-0.0036041246818401818,0.37283461471023155,-0.20031449306675686,0.3426828289668686,1
-0.47112180860046604,-0.18920847303532815,0.447871962785491,1.0031943789563682,-0.1667344085424993,1.1767428445962818,0.41925644136549134,-0.06388784024813912,1.0242559029197018,0.23603505488831167,0
-0.8989121595952003,0.5555110478325844,0.5798388888625536,-0.9880525510696407,-0.042036929231390414,0.08298539575658992,-0.6036097866603175,0.2119410158942872,-0.5104970611958252,-0.3850066231029119,0
0.2525024318475536,2.0529000412488547,1.208411629380464,-0.370231557033168,-0.5451835177738619,-0.6370544151608477,-0.3503585296721503,0.4468641850249658,0.683874723412585,0.33093659479267856,1
-1.995992701413419,0.3050700765788591,0.4569385195810291,-0.5266307253940551,0.672042245226868,0.3987189118146033,-0.45413791376837676,0.14184718988146744,-0.31950999016929005,-0.3732171189644134,0
1.0515485188545994,0.22241909724801462,-0.66362874793967,0.19131494698837395,-1.4658518880637756,0.8459267148151328,0.06377014746158555,1.2547932588775252,0.20168259344592587,0.3255971950457766,1
-0.6463864810027221,-0.6327552480770089,-0.9434119391329023,-0.2554448800324722,-0.5383455087590634,0.7456226725905541,-0.47884188810940476,0.6268043521505395,1.171385081606095,0.5330998623012269,0
-1.7959705389045821,-0.4958495901132681,-0.880974876709084,-0.18066434791056635,-0.3136743405266936,0.22108550180982395,0.5852323041166861,0.5303803704130097,0.04561492014560398,-0.2828057080094093,1
2.6516707980363408,0.8794746559737503,0.11999009806532042,-0.08834581540403633,1.2251925609638128,-1.84256359033923,0.5533727481889339,0.195135971221078,0.42708724446877167,-0.015768483403495306,1
-2.565932381395018,-0.002948363979752039,-0.57202258095427,0.5499336528078156,0.25525879828358655,0.16103982949411538,0.4040012344154123,0.48464880847398323,0.06062056000541993,-0.015893854943681313,0
-1.6707912636107907,1.1977406955153556,-0.6078953475127346,0.6596445449443232,-0.24220559756702034,-0.4083623188338105,-0.00866404360897255,-0.24979953150666778,0.28992997974451207,-0.783533881646832,0
-0.6423373637933015,0.8214303139854547,-2.3061241127623573,-0.2955990762848849,0.16752834176431344,0.9556284868219485,0.5437381251462026,0.22738652317112956,-0.35358726621445147,0.11747389785898277,0
-0.4001279634286282,1.5433949021708775,0.8319159252570971,0.9015229326695124,-0.14553741989719526,0.013290525450055768,-0.28714238822344507,0.8996001265946354,0.03350342348820512,0.5115667853846914,0
-0.831343544867944,-1.2313827199129852,-1.4581540935711563,0.47245540435630085,-1.3613906872857413,-0.6833788046429845,0.5270395959400865,-0.9998207532581855,0.1774133185134792,0.20339593686063928,0
1.2530601992755928,4.0168629295103795,-3.5743033492759086,2.247799129027071,-2.222773754886547,1.4014304853915545,0.17420594402794032,0.711990426210737,0.607186405548394,0.38773634034434945,0
1.1352098313814951,1.045847594339362,0.5475186389818522,0.27959144712057427,-0.17999489103960026,-1.3511454658216357,-0.517731778051055,0.1859464382548084,0.43889979150395164,0.3821143482221102,1
2.127425027571188,-1.3554077099348392,-0.6430327681532976,-0.3898298985530422,-0.9973176392593588,0.18653344776392294,-0.052655671541115945,-0.4973865062942312,0.05101076586004383,-1.2806685030390246,1
3.600834357382815,0.10750019430648136,-1.60199356958887,-0.004540237069276115,0.538526395489708,0.06460441036339412,0.4739213195982013,-0.4583460093861579,0.1359794599209363,-0.3396169226246417,1
-0.2777139281174319,0.8784293708950163,0.34029786867277956,1.3487498190615521,-0.3693081339997595,-0.11619861641061607,-1.0609799085339673,0.6322745333075228,-0.48682288212090585,0.008783448671924987,1
0.19378534341887438,1.0470770961422855,-1.3830025338067276,0.0853590368686791,1.4123952447813162,-0.45645451654614294,-0.8470521281907087,0.16242218084416693,0.3262378774357255,-0.16777211036315676,1
1.1038641808234266,1.0396888598507248,-0.4384603578366645,0.5129640167528816,1.2641543301659475,-0.19682799390073108,-0.7102716750245971,0.060385879700894485,0.4370227758663452,0.5154416319219214,1
0.5507684208074313,0.40676406345655725,-1.0411633638533973,-0.5940081940979872,0.24605860160480053,1.2386470531133136,-0.08857540902816752,1.1914409536850297,0.02757818071592044,-0.1985013700700755,0
-2.067477034953445,-1.252050662438003,-0.6563511111722774,-0.3182738838612744,0.12419860909774075,0.058715523470946746,-0.2828676647728675,0.6947753951831444,-0.12277432874558247,-0.6024440839307499,0
1.8539338013064435,1.3662374640675559,-1.9966447801319334,-1.185764678318458,1.8573335612062158,0.20192435660133534,-1.1058193488651171,-0.2972615421096831,0.11656054583751307,-0.19327519253522552,1
-0.8997010048050855,-0.8563976533155193,-0.22331162392858137,0.05267397197883897,-0.3055575859013065,1.4244467286801423,0.6002627621061105,-0.10187907095598789,-0.14720637726180652,0.8510994683313811,0
0.0643792610262906,-1.1646002550588161,-1.4426480521140181,-0.44460394680969284,-1.3305005730566262,0.4861318055360349,-0.0671781651917619,-0.990845680531975,0.15755066055129863,0.2538664876186851,0
-0.9590674759072995,0.4534299523338643,-0.7681540220044145,0.06210490068354549,1.883229130159504,-0.2309744825199505,0.8018400376656523,0.5702146054303816,0.05356492379176625,-0.08510074527335658,0
-0.909228193249596,-0.05604397852071066,0.41967982107514934,-0.6580386837256077,0.05873480999985041,-0.20801267603785883,-1.4422620506995183,0.5888331619902476,-0.34841100452417995,0.19375504275470723,0
-1.4948396676898552,0.5206785817910418,0.6120399499491849,-0.5749291953235385,0.16735736689245265,0.20399670939046316,0.2940048723738385,0.5226300405265629,-0.014076178900510494,-0.02303307168365945,0
-0.3844515837077579,1.1328294253860238,-0.7039326388739526,-0.1865193550849483,0.31726875292290596,-0.4506002880007843,0.11941924287335237,-0.5890849249901278,0.02933936294961259,-0.42607543758060584,0
-1.5705314539402395,-0.0061533530252273205,-0.41404729377070654,1.248024855125089,-0.5522334768666274,-1.7266323488600068,-0.5131435649757149,0.1473545125276498,0.43513548881039155,-0.2909549978420078,1
-1.7438135773826071,-1.6845391718847862,-0.05590362076801726,-0.9019932114867604,-0.33949533375105867,-0.22751687515898128,0.6410783158661262,-0.5016212142448796,-0.5412702620009368,0.3300923944545552,0
3.007481035755839,0.2573485053093752,1.0105926894931057,-0.25851164236418755,-0.8441048009147757,0.5283253428858152,0.5913479858914592,1.1684150858097135,-0.000655475146732365,0.1712504517039522,1
0.3143734829962099,-0.5257371496749488,0.37265833635373524,-0.9187534736687267,-1.267624711256268,-1.5284325393915354,-0.41738186719181436,0.19812356712043083,0.3636963301481624,-0.6246377594083001,0
0.4890515359309659,1.3704410960621147,1.5059267221656658,-1.0249547903626646,-0.9247424519943575,-1.1524303667166769,-0.16210011941841873,-0.3229095909521503,-0.7633071293945337,0.9087405082261115,1
0.7699261290302437,2.4269064181177957,-1.0089947224479312,0.8522350887400776,-1.374255757546557,0.30369450267077197,-0.3137131388831843,-0.7139433630089147,0.0009671773979393894,0.47730923274900594,0
2.0654794981082816,-0.49401513056504165,0.5168372783535153,-0.5655180779332312,0.8405212121720244,-0.028296550283641475,0.04867291594150891,-0.7430320999971491,0.244621828050408,0.025691015468877004,1
2.2855830753000195,-0.4295863412698646,0.13921428528280766,-0.4217572289617195,-1.3594645775080152,-1.629523151948601,0.38831316249415726,0.7067571249804043,-0.4027999345306126,-0.07172687669913198,1
0.32643134324500406,-0.9333980015422056,-1.7247025243593805,-0.29795276118965575,2.1770714969944165,-0.8751852210902995,-0.043292725658965026,0.5672232181764381,-0.33160683189629203,-0.27657640888938345,0
1.5840682176473289,-1.9439459959953909,0.5044517247092947,-0.4342714551896002,-0.5388102666438127,-0.5046902106369033,0.1639893157434003,-0.7420222943313817,0.32047284232000517,-0.17291397059231903,1
-0.44212991904715526,0.6038990839845385,-0.39062980675841324,1.7220257302419806,0.3174448593867189,0.1405493144799987,1.1147501230738959,0.5066089610007696,-0.18152072752042292,-0.3735406722525616,0
-0.06048204840732144,0.6309889072984022,-0.7969847773776785,-0.3145046769072779,2.725389453540352,-0.37498462025123497,0.7863857107205502,0.06049668232595673,0.7844465620722891,-0.23155559057262398,0
-0.9468903727828732,0.22595633388831787,-0.4016764932968845,0.7108134877755344,-0.36299031630828715,-0.42171820141604127,-0.823882636851128,0.05832289767508336,0.6262591920915224,0.46363323947244395,1
1.9909645818598558,1.7415686913819588,-1.771706152937856,1.9123793199780568,-0.0215767137895271,-0.5858321624240626,-0.09497616116332697,-0.17469575585707842,0.021554634811477458,0.5568421436080923,1
-0.6021649701064751,0.6924759629736114,0.5651228361663463,0.8442093967904383,1.9451004291770801,-0.9228238666292679,0.496943027476113,-0.4030384012612386,0.3123034336304833,-0.351862556223312,0
1.970335271241526,1.0154303005058436,2.7478131348162993,1.4567653742240045,-0.7557504419957742,0.8551522682098904,0.015027949460434509,0.18495925615065917,0.19971625639515733,-1.020708226573619,0
-0.04609695021149743,2.2243667052473173,0.39103095905200874,-0.4500739395566098,-0.6118598270778888,-0.4067747101554256,-0.4220368915938947,-0.7642196642422416,-0.15130697941606075,-0.008669154997016842,1
-0.2809767934665042,0.7140183749426747,0.2418053927504929,-1.3731946752299886,2.1428245259939716,0.38649145876578944,-0.042739248416229336,-0.3994602535503373,-0.9175537088315344,0.10048870418697298,0
-2.260609081256116,0.1504615910146745,0.26800198596254,1.125299865221816,0.6745569464894027,0.5645973019103641,-0.06624744452466402,1.0461715509914415,0.25141099139061684,-0.08277510553902866,0
2.2983497539473157,0.5896182740313731,-0.03343499665834117,-1.731917291922689,1.2690396793705647,-1.36563905054926,0.7683140249367008,0.17484222646823522,-0.5469644472909492,-0.1250551033711573,1
-0.243891314923045,3.2349270674413497,2.0914255129729264,0.07410087917145022,1.3071195300183032,-1.1001825598673143,-0.451964509804176,0.3344843044835836,0.23913337797248246,-0.2586489138331599,1
2.467581921394634,0.3192519221409481,-0.30754576319484195,-0.3394227058559207,1.8085394429323032,0.6374376457132018,0.4953087393446513,0.5314668581091582,0.8352733089024527,0.3298143663307345,1
-1.7110654773415437,-0.22261402602788824,0.4899313704104576,-0.7044507988600044,0.18757351784331114,0.2168255384398558,0.369011556023583,0.46106730714323624,0.018636033266393515,-0.06756034206471637,0
3.2475963506533327,-0.8365705718154157,-0.18715913100100723,2.234392702361849,0.8597419257178839,-0.5469524509749364,0.6027868054461968,0.4145339235703182,-0.5985284430138447,0.06169720743820678,1
-0.7230249417049274,-0.3715680929587498,0.06132578693705246,0.3428921140435771,-0.7331618141394793,-1.5438245419755228,-0.49217136118995697,0.17746010863022627,0.7568750757891498,0.3048895286221122,1
3.0227902575471295,-0.06981537572601368,-1.0472890712176601,-0.18715284405403865,0.6524431844860035,-0.6221913231749792,1.234373746764887,-0.3845392660475079,-0.8376407514293247,0.13953138308013896,1
0.8693766179882969,-0.8652288684126297,-0.19233525353589442,-1.4032196430216302,-1.2582695619374016,1.3483610299508761,0.7187545958353045,-0.46789441528386344,0.579221458672206,0.2825691886510117,0
1.6841385158767277,-0.549020876367551,-2.5961528973125825,-0.43482827489133613,0.09235798391180666,0.14069256837086738,-0.44855528751637463,-0.3953856711397591,0.3737335552584893,0.02274472814311157,1
1.3355447097899102,0.9728190845789532,0.7531943482404436,-1.9115656653421804,0.008756910658937252,-0.3458761968126631,0.18731969679918542,-0.10961837841428204,0.6507164913877039,-0.0471165759282296,0
-0.8655654771049517,-0.0020096714731057397,0.3642906772931112,0.13242010225129938,-0.6396859456561084,-1.110892422678643,-0.1554243803536145,-0.9708288740906794,0.1437885426454225,0.7551826165698484,0
-1.2694515288989987,-0.01619668070062666,-0.16712178790992135,0.26772802362465753,-0.19918663258935018,0.6448765701917185,0.23385138687348667,-0.3833187562626688,-0.8539748200768316,-0.3068853275668279,0
0.4022332234497344,1.2376424135212292,0.7023031306994457,-1.1126419066629705,-1.0839808386321301,-0.7905956535234795,0.35875902674743987,-0.08285628398581357,0.3431176102384508,-0.865694330407058,1
-1.4338590693737285,-0.06447112843500882,-1.020846108300736,-0.07668056382767002,-0.36836874845815726,-0.01732871544305653,-0.3996956617723847,-0.9533401083512913,0.0068177656376495754,-0.044935504430625245,0
0.7549128497734414,2.912210628461886,1.0424276286609007,-0.6521018421147425,-0.989033855562683,-0.8704702499859063,-0.43309539032955613,-0.13047529946944342,-1.0212524985948117,0.209539286145203,0
-0.7926815374099647,-0.26979824272099595,1.8593383701457775,-1.4683785541808634,1.6981214705856738,0.1607949107160413,-0.03288701713858666,0.9910221380154909,0.21334377561764384,0.21523966417709361,0
0.3866474648073202,1.4268269929395645,-0.48248992622306247,-0.8415661177995554,-1.2250589462484733,0.28386465498112784,0.5322880095068192,0.9095267871349804,-0.30203737066573955,-0.02673977972025661,0
-1.9393339315693536,-1.0172506196626352,-0.4291762644639691,0.16544763859035375,0.029548446842775987,-0.5017958750264317,-0.695340651337068,0.47395748341581584,-0.29074735514998695,-0.07234325296059553,0
1.0069181700038397,0.6310024346895874,-1.0782480390833,0.7720098186618363,1.4951384511899872,-2.4144963254738716,0.14269121843709426,0.1606064561196865,0.43369878973835285,0.3956873028712167,1
2.291494493110509,-0.9480060816866489,-0.3517436021011495,0.9939182268627698,0.4114905316780718,-0.050741307326795326,-0.3037908053831194,-0.04446184343678983,0.3601330587270284,0.10799723995925509,1
0.26667750826831443,-0.9339623174057559,1.0248957437507582,-0.2570290472248974,-0.9450410941929973,-1.182277259392708,-0.4768127871891301,0.022380131235869793,0.5520625028547446,0.2464627638297418,1
-1.0529680826777525,0.6248582660666664,-0.24801854149732455,-0.5585506329396953,-0.3437433930131677,0.06014051862318362,-0.05948911903147558,0.2269593244564022,-0.511533675380949,-0.6764192696068354,0
0.5687729630276015,0.5794455148183776,0.9307660744646771,-0.28325427828852123,-0.7245673318813547,0.23277552433054277,-0.5416595609345768,-0.45346161823065734,-0.7620752042809623,0.9312625679059137,1
-2.6095020203349306,-0.34088980225017707,0.05572974227295703,0.3309639100006265,0.18753788105522318,-0.2010611564606158,0.9585846460690735,-0.039046256337651075,-0.28003098804187687,0.295230074154029,0
-0.8714672037770292,-1.2197666201242727,0.937593479462934,2.918260777941285,0.07988774462892802,0.8614911841311907,-0.3381344369395838,0.4656473732741148,-0.0992249210028705,0.5900750560881426,1
-1.2478403741028625,-0.6139710974468829,0.9419706062823394,1.202782987321496,0.03262452991735077,0.4194641651382711,0.6680885334464626,-0.21612823424106456,0.9236218694955949,0.3727450320257155,0
1.8509195122961692,1.4216284418623433,1.6518219921894761,-0.7370328112271589,1.3889848573443657,-0.696321717627699,-0.5342749772786369,0.18680055060592055,-0.6242849261360853,1.1971362669766596,1
-1.000097344040608,-0.4871765993377921,-0.9558855169144447,-0.36155865538005094,0.7112038623186406,-0.1718376664319326,-0.4259364860144965,-0.05723577540669897,-0.5017157079951995,-0.17766180137935736,1
-0.4220244578561977,-0.9514790337006582,0.5274756354480172,0.18252111553978842,-0.026140653286782355,1.0465063477355052,-0.6576105789175707,0.08173533375232261,0.7780851472680068,0.3225372189447702,0
-2.458165612081892,-0.6287734416197507,-0.5804888196818392,-0.22149105977226322,0.2785365565135472,0.4426529781114803,0.021441615342697562,-0.43296708944313045,-0.7257355286835774,-0.103267776368209,0
-0.8628785198790796,0.1563873127459266,0.2344116793283981,0.019900375117183483,-0.67516039407239,-1.1460917547383749,-0.19072758471225149,-0.9396854016332512,0.1502396188154258,0.7618142077154392,0
2.260415989909268,0.1266458180207124,-1.1214290784993004,0.04893444625268553,0.027034918695837483,0.165269023655018,0.5954290186494673,-0.44846119778823745,-0.8967432977893699,0.3590459206287968,0
-0.9315682829333076,1.4341866797262925,0.05953283017610776,-0.293900870107922,0.10735484844048923,0.1665484694446529,-1.1572354229449018,-0.4231437580130104,0.2680480726197676,-0.12534235411099975,0
-2.178586779853125,0.20375145217087412,-0.8449825997275681,0.6913968743825374,-0.19255400663848166,-0.13265782277437688,0.4219522537014104,-0.38215377231927494,0.5157309884157812,0.19335401563540255,0
-1.5827946601102802,0.43864950036686434,-1.1652236754647263,-0.2606707859849363,-0.22419964131982287,0.845364952141282,0.2704810099852478,-0.37165662165837565,0.5086567675044242,0.06694974180397464,0
-3.133730209958709,-1.0707414647084745,-0.8470491507947782,0.2813807880554984,0.4514311161489937,0.569300080548852,0.5580818986652647,-0.1005256284227288,-0.19628560033172227,0.3945811078332996,0
2.2930204549216358,-1.369531095395824,-1.1673705636248106,0.5349579174164012,-0.43233717483022527,-1.1287721790161251,0.5112969242273123,0.584932275971441,-0.4088339953131781,-0.090731609309414,1
0.859805590826892,-0.21159837301972903,-1.492653770721099,0.44834727965013454,1.1205397654002798,0.9536923419992227,-0.5761083536426826,-0.5444674294143037,-0.7645031999884097,1.0156061125420566,1
-3.00870218972355,-0.32743260099664273,0.3163379639660161,1.1341309292440198,0.7020555373994948,0.051409224394671105,0.25400400571110593,-0.5348005995762568,-0.7727242276812272,0.03327931538799861,0
-1.4430422189327523,-1.1985963538031565,-0.4190272204081236,-0.4243124828375979,-0.3501896404367832,-0.37884669120964526,-0.23135110468600673,-0.08652345234166545,-0.458757193183045,-0.3607538043801287,0
0.08980169149881001,2.111589813719269,0.18290020118187053,-1.1217009241429166,0.6606973903880956,0.6307394879128814,0.35722078582511824,0.2163367913791902,-0.46327610458752366,0.3791155004479142,0
0.36090470962615767,-1.797912477942238,-1.1468978811012367,-1.1164169797762231,-0.5366151844621174,-1.0445607296700345,-0.03805402803194469,-0.5100085693579264,0.4791205904646072,-0.02269973487449073,1
0.4597913474947087,-0.8580693820594276,-1.0655052986187172,-1.5307707395807837,0.041981148871606984,0.055252210291954484,-0.8846765117428025,-0.44899488312229907,0.26541992316987706,-0.47218247666591984,1
-1.385267566987414,0.19460271587511213,0.7366861927850031,-0.7078342245520248,0.10104769042580083,0.2994568176451134,0.4496064496272398,-0.5299675306113105,0.6773235660611281,0.9394521510343388,0
2.449119620231562,1.2013798680420793,1.7480932371137359,1.3583261409407361,-2.0227951324044766,-0.5574216813978725,0.7077604259112489,-0.3863738922377713,-1.0551531696357153,0.30672016920389344,1
0.41521414494046754,-2.0248409225199357,-0.3924378032616824,-0.8892658289718639,2.158864243269461,-0.5416998426176993,1.4596000883811557,-0.2225499559586136,0.6483739716150914,-0.6099317463892827,1
1.2212114916460404,0.3679872113494135,-1.4238514499150405,-1.843256218002414,-0.5401660243041397,0.5497851426639679,-0.13617719762729164,-0.5900541284364305,-0.12156242553812346,-0.6924469189107884,0
-0.560851669621037,0.897977170601867,1.3555195624747216,-1.063216116530006,0.9299258918770454,-0.29860578879529126,0.9163465392822348,0.03506005813785468,-0.4478755034228008,0.348552474173467,0
2.327196566673322,-1.1006570263526205,-0.8803585001302684,1.312184606412635,-0.05217588142885827,-0.19581067347301556,0.3847356640123934,-0.5958854177784181,0.20237104823580765,-0.22533420114557112,1
1.3056192983483648,-0.5499095723382323,-0.2580413310583366,0.1959349196757195,-1.7740348841437208,-0.5843182105417533,-0.27828875464896297,0.26818228821755236,0.3717743013006156,-1.2089492624028448,1
-0.7849043575181649,-0.5752090255391544,-0.3183308156474058,0.5147886555065339,-0.5792887421120082,-0.5442757878206781,-0.5014164251551851,0.04190389978086978,0.40162032196772857,-0.5095850135235325,1
-1.288267865696554,0.8241756153078892,-0.14091529378318246,-0.054990841431681606,-0.4321958170381763,-0.24750869926992142,0.40149810030215444,-0.28200592947559544,-0.6329006099707774,0.4759257331925506,0
-1.9063172856749044,0.5246808398154211,-0.816638006382739,0.6431389278449303,-0.3394024708281726,-0.46051492393740684,0.27885394462847635,0.21262522205457435,-0.4837168848734161,-0.7002912176570741,0
-2.14289850244089,-0.6805819738833795,-0.6821029517838989,0.15149079289641867,-0.20548630792005143,-0.3622038991963718,0.3148060307674733,0.09558297438177765,-0.4365573624056434,-0.7300834254329813,0
-1.8592954394169943,0.9487166420585764,-0.7034147990978049,0.7350737960798644,-0.45453546075103385,-0.5365971267710832,0.6153257084817841,-0.2259697739243412,-0.8334918989061392,-0.3350405780513547,0
-1.2838365396608273,0.6555820991393135,-0.2892083943365893,0.04043033646245517,-0.35057712094953764,-0.3665270831382382,-0.16280907634387987,-0.41559620777948664,-0.8455512493827317,0.16620730062781913,0
1.5434322183292422,-0.46328963144024227,0.1319838955065473,0.20958069534852233,1.0304664022308556,0.761016146074512,0.49326542347960556,0.03475570852745785,-0.3670970186244682,0.14935746433313185,1
-0.025988015770784967,-1.3904738003575141,-0.18876574074807714,-2.3056616388430338,-1.2256522190257475,0.14529199661470052,1.3146953693041918,0.17124100379411078,-0.2154858334131018,-0.4547874579171813,0
1.7575001102847363,-1.5507249108445946,-0.8144845177455439,-1.755585506382975,-2.31305936258365,-0.11187619106928376,0.39005461391167195,0.07664683905943842,-0.4098645472582429,-0.42851243968940445,1
-0.618759718259608,-0.7737141114562165,-1.5303271332708541,-0.531506110081736,0.586642364204599,0.2634678014607343,-0.9560818819925497,0.5476034652751962,-0.34343635769724346,-0.11258061479331445,1
0.41350253634453565,-1.1833841823143834,-1.4474458168221973,0.5340193753171693,-0.7109758293121733,-1.0018469126990186,0.19161347139480545,-0.48989472752022734,0.40940439825158914,-0.09568983739767156,1
-0.07305170071329758,-0.552114768570098,-0.20685488685731063,0.20789682268419515,1.8206997294786322,-0.23929157451932853,-0.539175181594357,0.40325389673414264,-0.47966126632193945,0.006081304294409673,1
-0.5079982025066089,-0.0570953510190422,0.07203910357081249,-1.6028780635592383,-0.33183928694672526,0.29975015273070044,-0.22569314761766524,-0.2461940237167446,0.42789451312106097,-0.9911746739735561,0
0.18244578614729345,-1.8623552326721833,-0.3261288523353701,-0.4054652270324282,-1.0203681289656252,0.3056708350948642,-0.4562332892365475,-0.1933625942689688,-0.3272471204068773,0.2109481907122025,0
1.884576682159961,-1.0641161583637446,0.7254061451834725,-0.37967106238475523,-0.5979752145092384,-0.591277265304333,0.26512789749273,0.4738379972627193,-0.39187271799459156,0.021197125189586108,1
1.537489070962073,-0.5497361783666191,-0.9897924735204768,-1.1928473497350922,-0.9319919325821049,-0.9161028560403741,-0.34483073987563806,0.7349603850681874,-0.2710833127607334,0.1904278787741473,0
-1.0349148098232217,0.7439704173531456,-0.81090909306494,0.3127852317391777,-0.5997203548721662,0.504668405475239,0.6779514338210447,-0.3453089315582791,0.4254506176464887,-0.11564597995375339,0
-1.468334224993754,0.28811622955297544,-0.7713745734521803,1.6879258139598021,-0.22177344995740392,0.10791749628625782,-0.43803875667393444,-0.07213133603538802,-0.3196904085561021,0.5747051961747429,0
-2.292575854814189,-0.3438026787302657,0.05081970007609206,0.042118962878759464,0.14133933920600916,0.07919675780915927,0.7780550008863008,-0.0668871114848037,-0.0654693210020858,1.0915821650217115,0
0.5986457657581961,-0.6382887483932332,-1.6598067486518442,-1.4108950265873381,1.06510833813043,0.5627976819773837,-0.2216490503364832,-0.4923277496581284,-0.9037407661623751,0.03989267728095566,0
1.308767403668848,-0.23020113922157545,0.6179924682259237,-2.3281736731029725,-1.1696501682088905,1.37423371354637,0.6398192644426783,0.0763331819084162,-0.29015692784269564,0.5668030975424965,0
0.3752840825894151,1.4172967746505492,0.7743889439654598,-1.8390681360431205,-0.5426707307322368,0.23234790007054462,-0.38723959874578207,-0.19357540061786926,0.200464688604424,-0.8760361318284614,0
-0.5334045481116745,0.12736194307756848,-0.48393112343182415,-0.5517393888086691,-0.6487735974941475,0.09506095050677196,-0.24606011571775055,0.8113006686193698,-0.38347578534169,-0.7332412909066923,1
-1.0406998279347262,-0.45769326302324853,-0.7299886727540962,0.09429664236367039,0.26820297192854053,-0.27171878380021036,1.3618256928768644,-0.010261249347357282,-0.1619482604294874,0.7826253918124649,0
0.4816741705738737,1.6679543706420477,-1.2158277112381686,-0.3502186046684146,0.9451679996360951,-0.4760495074072291,0.6440686874624181,-0.57164006907184,-0.05665217028789071,-0.629734532639979,1
-0.4822158729434849,1.195188409214401,1.0399113902794892,-0.4733096186002108,-0.020919017100821453,0.6961542275642523,-0.09764000994705069,-0.2374260529166109,-0.7474479354705098,0.15146959991748155,0
-2.17372468149855,-0.16290133269620286,-0.08661974168743207,0.019629396900954804,0.16570190415872413,0.07794907424183767,0.47345279317007344,0.47419533555219645,0.03891972658356235,-0.0731618692645346,0
2.0083949109328674,-1.8416475148089475,1.3436911607476418,0.1347064907121209,-0.06623657576032416,0.6242409309147421,-0.28281988887509557,-0.7904578827451656,0.24449694800278632,0.04005161809152746,1
0.3277035616646064,-0.19310382441714322,-0.13341641679160132,1.508090237480952,-1.6218257053300413,-1.137389223457621,0.43059023754112086,-0.03319471016251169,-0.4547786565814881,0.0014278648571172392,1
-0.5788308081927724,-0.7697653902624653,0.5024885080659375,-0.07709423482469366,-0.28398363628157836,-0.12588615580428247,-0.6360842851222562,-0.03414915686060668,-0.19215898278326993,0.5326448891166773,1
0.8496802611727268,-0.9240328927270205,0.18435045543238818,-0.2331195718292818,0.11902987867070039,0.9333777096976534,0.9755043653114835,0.36475270111411146,0.16969786492468353,0.10467221739322516,1
-1.8221250922829844,0.5740443307742826,1.3514997100315886,0.5201048227937148,0.42998553649874627,-1.2260423831753475,-0.6278938408605897,0.5006337883664411,-0.3886009172071787,0.16142813605327844,1
-1.9111639637570723,-0.822944793403706,0.7032159253981972,-0.48955619393352423,0.018709071642057342,-0.4305634824069389,0.8496019331830607,0.41424705666423584,0.01768776571416064,-0.2132085690514773,0
1.2693839064558619,-0.6320174576719412,0.7215321302426417,-0.2160739182310793,0.1863956921619583,-0.06514861386639947,-0.8656601637866531,0.004976169091016391,0.2491828358448347,-0.3908840418097083,1
1.3747195823012366,0.4285492245942395,1.6919957012171636,-0.46517314259639164,-0.6917598172629584,0.5380053359408777,-0.49917971812074025,-0.6305413379276888,0.06779442998764496,-0.6873008030359015,0
1.7104013407638337,-0.25100356828164383,-0.5817496625272148,1.3264032892016386,-0.012111604949645097,-1.6432393938146026,0.5005356328029152,0.6066168021389107,-0.4294613313812574,0.1473045430587407,1
0.6636629558435554,-1.8671865124680758,0.07580660644385397,-1.7903602604961861,-0.7703923545167884,1.5203676911632056,-0.49685433392695233,-0.6562358022878545,-0.6636219737122953,0.6107703240142827,0
0.1825544608644225,-0.08912433313962762,0.11661434501129601,-0.7122872842861048,1.7583485973274249,0.24236599359941235,0.11796300004307125,0.10039661659055382,-0.45524422607621784,-0.25630024998308554,1
0.5258808270412674,1.2708364577242355,1.83591646404849,-1.0119350408452013,-0.3228107630368394,-0.14149424373135605,-0.5316167765151935,0.33119176437643866,0.6837276010993214,0.36221033197808605,0
0.5604997407264201,1.553881653612687,-0.21410816527221396,-1.1862874778435446,0.09116035979786011,0.27868067075091674,0.6133062219386815,-0.29728647474707925,0.5441026503335993,0.7187873398720651,0
-1.7184200736524635,-0.129571751060969,0.61314600023256,0.005053132297741375,-0.35701755648429234,-0.7565135582225762,1.3496233410299086,-0.011364508651694027,-0.13552681523539567,0.8571642053228891,0
-0.3358259945230106,1.1547834552745433,0.7754392841968029,-0.8605178879552182,0.8727364212972514,-0.4213019788671754,-0.05860698271286113,-0.33202829065281375,0.1929821557477822,-0.6666666080981408,1
-0.06772004673142967,-0.7819189287613967,0.2745897998251363,-1.1218549579182955,-0.8239131678589762,0.005453165687942241,0.009249916975956507,-0.5440305266023355,-0.666523758386096,0.6482242847723004,0
1.4401886675264857,-0.34201732499064164,-1.4682875393179406,1.8403179509233156,-0.5810173478001582,0.6136062991854621,-0.5925941322732905,0.5828667113863129,-0.3626002894052336,0.283951395398694,1
-1.9702927165950879,0.7021370498984107,0.08859267037720207,0.12926100770462842,0.22989822613069236,0.16072437826550406,0.3047175951238808,0.5357357073325382,0.006377680063848645,0.0192166870367477,0
1.0308814329336302,-1.3700627399544887,0.22525679971924395,0.1083716505260083,-0.1885184368452238,-0.14193031249155058,-0.13900730791249327,-0.0388156152202947,-0.6808496726663382,0.7715901973160102,1
-2.8505954039582537,-0.6832664564179874,0.4221286101045062,0.37425908672291197,0.513934459695973,-0.5859189139548899,0.2118188474006269,-0.028831368301031057,-0.42534774044769846,-0.45197753831410675,0
0.012641346365093287,0.3833509334048336,0.7553057875362382,-1.1532395223534735,0.8867503362481798,-0.41261180146234194,-0.8899394389716736,0.552210676059492,-0.45043334213027036,0.050108437855740706,1
2.692334566647,-0.6508147422377482,-1.2988971973978451,2.1862908792821765,1.3088845677511862,1.1514608274930276,0.49492227837897795,-0.2954003849256314,-0.969778348358621,-1.023760897907552,1
2.3315892305809895,0.3369213101176917,1.765538707999914,0.41229745524575756,0.9453677785892056,-0.4764015617640673,0.30199004407475893,-1.1252452045883825,-0.04757562359684053,0.5182886037439877,1
-0.49832647767447885,-0.41068116512630015,-0.03444335803958802,-0.8257596564360914,-0.4916376716244641,0.2157075425521161,-0.3193593581316905,0.6935025265448895,-0.15761157964681427,0.09166900526841465,0
-1.1189784135370666,0.281057052671029,0.2068400811912781,-0.7063765278069456,0.06672423786969287,0.10294109765983012,-0.7110459729219442,0.2290826379573483,0.4513734643433096,-0.5892439849026976,0
-1.484870669339447,0.31118807415727867,-0.314099233780373,-0.5327180628993746,0.06120267771405053,0.6279049263038929,-0.41616775004061923,0.13829349617471126,-0.4992300059035699,-0.7411322691065374,0
0.4660508884938341,0.5737203035959861,1.2356928132155047,-1.256735885091535,-0.365233365866116,0.6416530512237282,-0.21071158003460144,0.6073127409330144,1.033469146242769,0.48057187997539363,1
-0.520315088937183,1.717639992581576,-0.6370052040545711,0.8061314903666412,-0.6664381048542393,0.6566913764339073,0.2022838581070981,-0.173994139809396,-0.9368330755130445,-0.3735865696171391,0
-0.4486330828697253,-2.220075529403099,1.0678595844087808,1.040712507731231,-0.33109009140149037,0.3429235021023051,-0.25957737174478457,-0.3998195524172824,-0.6304812267825284,-0.6453017743736461,1
2.4325067550973447,-1.2497948064327713,1.1632023837550793,0.7085820607853964,1.2026930757535352,0.7969650356403719,-0.7420224383191875,-0.19900475200112128,0.10491497910268999,-0.4147857951299742,1
-0.09957034929790026,-0.6997596741466293,-0.1549294952697605,-1.5854320267615907,-0.8287217690962922,0.028133195395061705,-0.5778463431260618,-0.4476907505802087,-0.6145376248291377,0.8655367555933406,1
-2.851983161688789,-0.8815901079299073,0.6637737495979922,-0.18495420571670806,0.8618531326852855,-0.030065098043027205,-0.19221491244792976,-0.08225792905180662,-0.4011630104231076,-0.2990945558641099,0
2.4588757998556523,-0.9765584896080439,1.2765913850336141,-1.6798093210935197,0.24587673309320016,-1.6596654585164352,0.9777304854331106,-0.6105802067951922,0.36020433161713616,-0.3913293665791987,1
0.4357751703495348,-0.1893963984589306,0.15122713488564832,-0.839488625763823,-1.3211494874389766,-0.9266841525211413,-0.2978886578937864,0.21585867429876388,-0.5540558537776088,0.7600429525326945,1
-0.626733994932278,-1.0607084448298971,-0.8047615009427906,0.7274302463632087,-1.0204847543811915,-0.16387287328124395,0.3405572439186822,0.7440658866584677,-0.006211035996628977,0.06793183976472789,1
2.5846325619359605,-0.8899742746070767,1.0725127485869512,-0.05039201589184461,1.1564096227531948,0.8988516110425266,-0.3782322254905397,0.37776972670662806,-0.3390451400213189,0.3228715419310819,1
0.9029168086704036,-2.3760010800321902,0.7754944218994416,-1.186178733355,0.00661193979471246,-0.6093559601148755,-0.37528587866130225,0.37393329433837946,-0.2533558276806501,0.39287438454763146,1
-0.7566303303276503,0.7100324533540314,-0.28738586494684104,-0.6291194239068686,0.8434586384109138,0.21375210766058014,-0.04381020874194508,-0.8578257317503124,0.14717811506777356,0.5166344665367564,1
-2.4789017330672096,-0.38001857698765706,1.255039023575811,-0.04374271116183456,0.5630595521827026,-0.4887571954146048,0.6690957142390982,0.3641177700790637,0.022365757672829334,0.037630785899907954,0
